{
  "tag": "c1_locked",
  "master_seed": 20260613,
  "realizations": 10,
  "cfg_overrides": {
    "gamma_p": 0.1,
    "spectral_radius": 0.6
  },
  "metrics": {
    "class_acc": 1.0,
    "zmax_rmse": 2.293117834501314,
    "z_range": 30.36655540731857,
    "zmax_rmse_frac": 0.07551458516591102,
    "rmse_rho_min": null,
    "n_rmse_points": 81.0,
    "lyap_proxy_err": 0.0643340151549147,
    "n_rho": 81.0,
    "n_class_wrong": 0.0
  },
  "passed": false,
  "parts": {
    "class": true,
    "rmse": false,
    "lyap": true
  },
  "rho_train": [
    24.56,
    26.06,
    27.56,
    29.06
  ],
  "elapsed_s": 167.43139004707336
}