{
  "low_edge  [24.00,24.56)": {
    "n": 6,
    "rmse_frac": 0.22695136644292907,
    "wass_med_frac": 0.16028118968300104
  },
  "interior  [24.56,29.06]": {
    "n": 45,
    "rmse_frac": 0.05563309213168837,
    "wass_med_frac": 0.010262789641576214
  },
  "high_edge (29.06,32.00]": {
    "n": 30,
    "rmse_frac": 0.012268812990464876,
    "wass_med_frac": 0.011540822635083249
  },
  "ALL       [24.00,32.00]": {
    "n": 81,
    "rmse_frac": 0.07476994278366766,
    "wass_med_frac": 0.011275481251682203
  },
  "chaotic   [24.74,32.00]": {
    "n": 73,
    "rmse_frac": 0.02334164028514181,
    "wass_med_frac": 0.010262789641576214
  },
  "chaotic-by-class (true) ": {
    "n": 81,
    "rmse_frac": 0.07476994278366766,
    "wass_med_frac": 0.011275481251682203
  },
  "z_range": 30.36655540731857
}